[
  {
    "id": "1",
    "city": "Chiang Mai",
    "country": "Thailand",
    "region": "Asia",
    "image": null,
    "rent1BR": 400,
    "rent2BR": 650,
    "costOne": 1200,
    "costTwo": 1900
  },
  {
    "id": "2",
    "city": "Lisbon",
    "country": "Portugal",
    "region": "Europe",
    "image": null,
    "rent1BR": 1000,
    "rent2BR": 1500,
    "costOne": 2200,
    "costTwo": 3200
  },
  {
    "id": "new-york-us",
    "city": "New York City",
    "country": "USA",
    "region": "North America",
    "image": null,
    "rent1BR": 3800,
    "rent2BR": 5200,
    "costOne": 6200,
    "costTwo": 9500
  },
  {
    "id": "los-angeles-us",
    "city": "Los Angeles",
    "country": "USA",
    "region": "North America",
    "image": null,
    "rent1BR": 2400,
    "rent2BR": 3600,
    "costOne": 4300,
    "costTwo": 7100
  },
  {
    "id": "san-francisco-us",
    "city": "San Francisco",
    "country": "USA",
    "region": "North America",
    "image": null,
    "rent1BR": 3400,
    "rent2BR": 4700,
    "costOne": 5800,
    "costTwo": 8500
  },
  {
    "id": "seattle-us",
    "city": "Seattle",
    "country": "USA",
    "region": "North America",
    "image": null,
    "rent1BR": 2200,
    "rent2BR": 3000,
    "costOne": 3200,
    "costTwo": 5200
  },
  {
    "id": "austin-us",
    "city": "Austin",
    "country": "USA",
    "region": "North America",
    "image": null,
    "rent1BR": 1700,
    "rent2BR": 2300,
    "costOne": 2700,
    "costTwo": 4400
  },
  {
    "id": "miami-us",
    "city": "Miami",
    "country": "USA",
    "region": "North America",
    "image": null,
    "rent1BR": 2400,
    "rent2BR": 3200,
    "costOne": 3400,
    "costTwo": 5400
  },
  {
    "id": "chicago-us",
    "city": "Chicago",
    "country": "USA",
    "region": "North America",
    "image": null,
    "rent1BR": 2100,
    "rent2BR": 2900,
    "costOne": 3000,
    "costTwo": 5000
  },
  {
    "id": "denver-us",
    "city": "Denver",
    "country": "USA",
    "region": "North America",
    "image": null,
    "rent1BR": 1800,
    "rent2BR": 2400,
    "costOne": 2700,
    "costTwo": 4300
  },
  {
    "id": "phoenix-us",
    "city": "Phoenix",
    "country": "USA",
    "region": "North America",
    "image": null,
    "rent1BR": 1600,
    "rent2BR": 2100,
    "costOne": 2500,
    "costTwo": 3900
  },
  {
    "id": "portland-us",
    "city": "Portland",
    "country": "USA",
    "region": "North America",
    "image": null,
    "rent1BR": 1700,
    "rent2BR": 2300,
    "costOne": 2600,
    "costTwo": 4200
  },
  {
    "id": "toronto-ca",
    "city": "Toronto",
    "country": "Canada",
    "region": "North America",
    "image": null,
    "rent1BR": 2200,
    "rent2BR": 3000,
    "costOne": 3100,
    "costTwo": 5000
  },
  {
    "id": "vancouver-ca",
    "city": "Vancouver",
    "country": "Canada",
    "region": "North America",
    "image": null,
    "rent1BR": 2300,
    "rent2BR": 3200,
    "costOne": 3200,
    "costTwo": 5200
  },
  {
    "id": "montreal-ca",
    "city": "Montreal",
    "country": "Canada",
    "region": "North America",
    "image": null,
    "rent1BR": 1500,
    "rent2BR": 2100,
    "costOne": 2300,
    "costTwo": 3700
  },
  {
    "id": "mexico-city-mx",
    "city": "Mexico City",
    "country": "Mexico",
    "region": "North America",
    "image": null,
    "rent1BR": 900,
    "rent2BR": 1200,
    "costOne": 1800,
    "costTwo": 2600
  },
  {
    "id": "guadalajara-mx",
    "city": "Guadalajara",
    "country": "Mexico",
    "region": "North America",
    "image": null,
    "rent1BR": 700,
    "rent2BR": 1000,
    "costOne": 1500,
    "costTwo": 2200
  },
  {
    "id": "merida-mx",
    "city": "Mérida",
    "country": "Mexico",
    "region": "North America",
    "image": null,
    "rent1BR": 600,
    "rent2BR": 900,
    "costOne": 1400,
    "costTwo": 2100
  },
  {
    "id": "london-uk",
    "city": "London",
    "country": "UK",
    "region": "Europe",
    "image": null,
    "rent1BR": 2600,
    "rent2BR": 3800,
    "costOne": 5400,
    "costTwo": 8200
  },
  {
    "id": "manchester-uk",
    "city": "Manchester",
    "country": "UK",
    "region": "Europe",
    "image": null,
    "rent1BR": 1300,
    "rent2BR": 1800,
    "costOne": 2100,
    "costTwo": 3400
  },
  {
    "id": "edinburgh-uk",
    "city": "Edinburgh",
    "country": "UK",
    "region": "Europe",
    "image": null,
    "rent1BR": 1500,
    "rent2BR": 2100,
    "costOne": 2300,
    "costTwo": 3600
  },
  {
    "id": "dublin-ie",
    "city": "Dublin",
    "country": "Ireland",
    "region": "Europe",
    "image": null,
    "rent1BR": 2100,
    "rent2BR": 2900,
    "costOne": 3000,
    "costTwo": 4800
  },
  {
    "id": "paris-fr",
    "city": "Paris",
    "country": "France",
    "region": "Europe",
    "image": null,
    "rent1BR": 1900,
    "rent2BR": 2600,
    "costOne": 2800,
    "costTwo": 4400
  },
  {
    "id": "lyon-fr",
    "city": "Lyon",
    "country": "France",
    "region": "Europe",
    "image": null,
    "rent1BR": 1200,
    "rent2BR": 1700,
    "costOne": 2000,
    "costTwo": 3200
  },
  {
    "id": "marseille-fr",
    "city": "Marseille",
    "country": "France",
    "region": "Europe",
    "image": null,
    "rent1BR": 1100,
    "rent2BR": 1600,
    "costOne": 1900,
    "costTwo": 3000
  },
  {
    "id": "berlin-de",
    "city": "Berlin",
    "country": "Germany",
    "region": "Europe",
    "image": null,
    "rent1BR": 1500,
    "rent2BR": 2000,
    "costOne": 2300,
    "costTwo": 3500
  },
  {
    "id": "munich-de",
    "city": "Munich",
    "country": "Germany",
    "region": "Europe",
    "image": null,
    "rent1BR": 1900,
    "rent2BR": 2600,
    "costOne": 2800,
    "costTwo": 4400
  },
  {
    "id": "hamburg-de",
    "city": "Hamburg",
    "country": "Germany",
    "region": "Europe",
    "image": null,
    "rent1BR": 1500,
    "rent2BR": 2000,
    "costOne": 2300,
    "costTwo": 3500
  },
  {
    "id": "amsterdam-nl",
    "city": "Amsterdam",
    "country": "Netherlands",
    "region": "Europe",
    "image": null,
    "rent1BR": 2100,
    "rent2BR": 2800,
    "costOne": 3000,
    "costTwo": 4700
  },
  {
    "id": "rotterdam-nl",
    "city": "Rotterdam",
    "country": "Netherlands",
    "region": "Europe",
    "image": null,
    "rent1BR": 1600,
    "rent2BR": 2200,
    "costOne": 2400,
    "costTwo": 3800
  },
  {
    "id": "brussels-be",
    "city": "Brussels",
    "country": "Belgium",
    "region": "Europe",
    "image": null,
    "rent1BR": 1400,
    "rent2BR": 2000,
    "costOne": 2200,
    "costTwo": 3600
  },
  {
    "id": "zurich-ch",
    "city": "Zurich",
    "country": "Switzerland",
    "region": "Europe",
    "image": null,
    "rent1BR": 2600,
    "rent2BR": 3800,
    "costOne": 5800,
    "costTwo": 9500
  },
  {
    "id": "geneva-ch",
    "city": "Geneva",
    "country": "Switzerland",
    "region": "Europe",
    "image": null,
    "rent1BR": 2400,
    "rent2BR": 3600,
    "costOne": 5500,
    "costTwo": 9000
  },
  {
    "id": "madrid-es",
    "city": "Madrid",
    "country": "Spain",
    "region": "Europe",
    "image": null,
    "rent1BR": 1150,
    "rent2BR": 1700,
    "costOne": 2100,
    "costTwo": 3300
  },
  {
    "id": "barcelona-es",
    "city": "Barcelona",
    "country": "Spain",
    "region": "Europe",
    "image": null,
    "rent1BR": 1400,
    "rent2BR": 2000,
    "costOne": 2300,
    "costTwo": 3600
  },
  {
    "id": "valencia-es",
    "city": "Valencia",
    "country": "Spain",
    "region": "Europe",
    "image": null,
    "rent1BR": 900,
    "rent2BR": 1200,
    "costOne": 1700,
    "costTwo": 2600
  },
  {
    "id": "seville-es",
    "city": "Seville",
    "country": "Spain",
    "region": "Europe",
    "image": null,
    "rent1BR": 850,
    "rent2BR": 1150,
    "costOne": 1600,
    "costTwo": 2400
  },
  {
    "id": "lisbon-pt",
    "city": "Lisbon",
    "country": "Portugal",
    "region": "Europe",
    "image": null,
    "rent1BR": 1100,
    "rent2BR": 1600,
    "costOne": 2000,
    "costTwo": 3100
  },
  {
    "id": "porto-pt",
    "city": "Porto",
    "country": "Portugal",
    "region": "Europe",
    "image": null,
    "rent1BR": 800,
    "rent2BR": 1100,
    "costOne": 1600,
    "costTwo": 2400
  },
  {
    "id": "rome-it",
    "city": "Rome",
    "country": "Italy",
    "region": "Europe",
    "image": null,
    "rent1BR": 1300,
    "rent2BR": 1900,
    "costOne": 2100,
    "costTwo": 3300
  },
  {
    "id": "milan-it",
    "city": "Milan",
    "country": "Italy",
    "region": "Europe",
    "image": null,
    "rent1BR": 1500,
    "rent2BR": 2100,
    "costOne": 2300,
    "costTwo": 3600
  },
  {
    "id": "florence-it",
    "city": "Florence",
    "country": "Italy",
    "region": "Europe",
    "image": null,
    "rent1BR": 1100,
    "rent2BR": 1600,
    "costOne": 1900,
    "costTwo": 3000
  },
  {
    "id": "athens-gr",
    "city": "Athens",
    "country": "Greece",
    "region": "Europe",
    "image": null,
    "rent1BR": 900,
    "rent2BR": 1300,
    "costOne": 1700,
    "costTwo": 2700
  },
  {
    "id": "thessaloniki-gr",
    "city": "Thessaloniki",
    "country": "Greece",
    "region": "Europe",
    "image": null,
    "rent1BR": 700,
    "rent2BR": 1000,
    "costOne": 1500,
    "costTwo": 2200
  },
  {
    "id": "prague-cz",
    "city": "Prague",
    "country": "Czechia",
    "region": "Europe",
    "image": null,
    "rent1BR": 1100,
    "rent2BR": 1500,
    "costOne": 1900,
    "costTwo": 2900
  },
  {
    "id": "budapest-hu",
    "city": "Budapest",
    "country": "Hungary",
    "region": "Europe",
    "image": null,
    "rent1BR": 900,
    "rent2BR": 1300,
    "costOne": 1700,
    "costTwo": 2700
  },
  {
    "id": "krakow-pl",
    "city": "Krakow",
    "country": "Poland",
    "region": "Europe",
    "image": null,
    "rent1BR": 800,
    "rent2BR": 1100,
    "costOne": 1500,
    "costTwo": 2300
  },
  {
    "id": "warsaw-pl",
    "city": "Warsaw",
    "country": "Poland",
    "region": "Europe",
    "image": null,
    "rent1BR": 1000,
    "rent2BR": 1400,
    "costOne": 1700,
    "costTwo": 2600
  },
  {
    "id": "tallinn-ee",
    "city": "Tallinn",
    "country": "Estonia",
    "region": "Europe",
    "image": null,
    "rent1BR": 900,
    "rent2BR": 1200,
    "costOne": 1600,
    "costTwo": 2400
  },
  {
    "id": "riga-lv",
    "city": "Riga",
    "country": "Latvia",
    "region": "Europe",
    "image": null,
    "rent1BR": 800,
    "rent2BR": 1100,
    "costOne": 1500,
    "costTwo": 2300
  },
  {
    "id": "vilnius-lt",
    "city": "Vilnius",
    "country": "Lithuania",
    "region": "Europe",
    "image": null,
    "rent1BR": 800,
    "rent2BR": 1100,
    "costOne": 1500,
    "costTwo": 2300
  },
  {
    "id": "oslo-no",
    "city": "Oslo",
    "country": "Norway",
    "region": "Europe",
    "image": null,
    "rent1BR": 2200,
    "rent2BR": 3000,
    "costOne": 3200,
    "costTwo": 5200
  },
  {
    "id": "stockholm-se",
    "city": "Stockholm",
    "country": "Sweden",
    "region": "Europe",
    "image": null,
    "rent1BR": 1900,
    "rent2BR": 2600,
    "costOne": 2800,
    "costTwo": 4500
  },
  {
    "id": "copenhagen-dk",
    "city": "Copenhagen",
    "country": "Denmark",
    "region": "Europe",
    "image": null,
    "rent1BR": 2000,
    "rent2BR": 2700,
    "costOne": 2900,
    "costTwo": 4600
  },
  {
    "id": "helsinki-fi",
    "city": "Helsinki",
    "country": "Finland",
    "region": "Europe",
    "image": null,
    "rent1BR": 1700,
    "rent2BR": 2300,
    "costOne": 2600,
    "costTwo": 4100
  },
  {
    "id": "istanbul-tr",
    "city": "Istanbul",
    "country": "Türkiye",
    "region": "Europe/Asia",
    "image": null,
    "rent1BR": 800,
    "rent2BR": 1200,
    "costOne": 1600,
    "costTwo": 2600
  },
  {
    "id": "dubai-ae",
    "city": "Dubai",
    "country": "UAE",
    "region": "Middle East",
    "image": null,
    "rent1BR": 2000,
    "rent2BR": 2700,
    "costOne": 3000,
    "costTwo": 4700
  },
  {
    "id": "abu-dhabi-ae",
    "city": "Abu Dhabi",
    "country": "UAE",
    "region": "Middle East",
    "image": null,
    "rent1BR": 1800,
    "rent2BR": 2400,
    "costOne": 2800,
    "costTwo": 4400
  },
  {
    "id": "doha-qa",
    "city": "Doha",
    "country": "Qatar",
    "region": "Middle East",
    "image": null,
    "rent1BR": 1700,
    "rent2BR": 2300,
    "costOne": 2600,
    "costTwo": 4200
  },
  {
    "id": "tel-aviv-il",
    "city": "Tel Aviv",
    "country": "Israel",
    "region": "Middle East",
    "image": null,
    "rent1BR": 2000,
    "rent2BR": 2800,
    "costOne": 3000,
    "costTwo": 4800
  },
  {
    "id": "cairo-eg",
    "city": "Cairo",
    "country": "Egypt",
    "region": "Africa",
    "image": null,
    "rent1BR": 500,
    "rent2BR": 800,
    "costOne": 1300,
    "costTwo": 2000
  },
  {
    "id": "cape-town-za",
    "city": "Cape Town",
    "country": "South Africa",
    "region": "Africa",
    "image": null,
    "rent1BR": 900,
    "rent2BR": 1300,
    "costOne": 1700,
    "costTwo": 2600
  },
  {
    "id": "johannesburg-za",
    "city": "Johannesburg",
    "country": "South Africa",
    "region": "Africa",
    "image": null,
    "rent1BR": 700,
    "rent2BR": 1000,
    "costOne": 1500,
    "costTwo": 2300
  },
  {
    "id": "nairobi-ke",
    "city": "Nairobi",
    "country": "Kenya",
    "region": "Africa",
    "image": null,
    "rent1BR": 600,
    "rent2BR": 900,
    "costOne": 1400,
    "costTwo": 2100
  },
  {
    "id": "lagos-ng",
    "city": "Lagos",
    "country": "Nigeria",
    "region": "Africa",
    "image": null,
    "rent1BR": 900,
    "rent2BR": 1400,
    "costOne": 1800,
    "costTwo": 2800
  },
  {
    "id": "accra-gh",
    "city": "Accra",
    "country": "Ghana",
    "region": "Africa",
    "image": null,
    "rent1BR": 700,
    "rent2BR": 1000,
    "costOne": 1500,
    "costTwo": 2300
  },
  {
    "id": "addis-ababa-et",
    "city": "Addis Ababa",
    "country": "Ethiopia",
    "region": "Africa",
    "image": null,
    "rent1BR": 500,
    "rent2BR": 800,
    "costOne": 1300,
    "costTwo": 2000
  },
  {
    "id": "tokyo-jp",
    "city": "Tokyo",
    "country": "Japan",
    "region": "Asia",
    "image": null,
    "rent1BR": 1600,
    "rent2BR": 2300,
    "costOne": 2500,
    "costTwo": 3800
  },
  {
    "id": "osaka-jp",
    "city": "Osaka",
    "country": "Japan",
    "region": "Asia",
    "image": null,
    "rent1BR": 1200,
    "rent2BR": 1700,
    "costOne": 2000,
    "costTwo": 3100
  },
  {
    "id": "kyoto-jp",
    "city": "Kyoto",
    "country": "Japan",
    "region": "Asia",
    "image": null,
    "rent1BR": 1100,
    "rent2BR": 1600,
    "costOne": 1900,
    "costTwo": 3000
  },
  {
    "id": "seoul-kr",
    "city": "Seoul",
    "country": "South Korea",
    "region": "Asia",
    "image": null,
    "rent1BR": 1200,
    "rent2BR": 1700,
    "costOne": 2000,
    "costTwo": 3100
  },
  {
    "id": "busan-kr",
    "city": "Busan",
    "country": "South Korea",
    "region": "Asia",
    "image": null,
    "rent1BR": 900,
    "rent2BR": 1300,
    "costOne": 1700,
    "costTwo": 2600
  },
  {
    "id": "hong-kong-hk",
    "city": "Hong Kong",
    "country": "Hong Kong",
    "region": "Asia",
    "image": null,
    "rent1BR": 2200,
    "rent2BR": 3200,
    "costOne": 3200,
    "costTwo": 5000
  },
  {
    "id": "singapore-sg",
    "city": "Singapore",
    "country": "Singapore",
    "region": "Asia",
    "image": null,
    "rent1BR": 2300,
    "rent2BR": 3200,
    "costOne": 3200,
    "costTwo": 5100
  },
  {
    "id": "bangkok-th",
    "city": "Bangkok",
    "country": "Thailand",
    "region": "Asia",
    "image": null,
    "rent1BR": 650,
    "rent2BR": 950,
    "costOne": 1300,
    "costTwo": 2000
  },
  {
    "id": "phuket-th",
    "city": "Phuket",
    "country": "Thailand",
    "region": "Asia",
    "image": null,
    "rent1BR": 700,
    "rent2BR": 1000,
    "costOne": 1400,
    "costTwo": 2100
  },
  {
    "id": "kuala-lumpur-my",
    "city": "Kuala Lumpur",
    "country": "Malaysia",
    "region": "Asia",
    "image": null,
    "rent1BR": 600,
    "rent2BR": 900,
    "costOne": 1200,
    "costTwo": 1900
  },
  {
    "id": "penang-my",
    "city": "Penang",
    "country": "Malaysia",
    "region": "Asia",
    "image": null,
    "rent1BR": 500,
    "rent2BR": 800,
    "costOne": 1100,
    "costTwo": 1700
  },
  {
    "id": "hanoi-vn",
    "city": "Hanoi",
    "country": "Vietnam",
    "region": "Asia",
    "image": null,
    "rent1BR": 450,
    "rent2BR": 700,
    "costOne": 1100,
    "costTwo": 1700
  },
  {
    "id": "da-nang-vn",
    "city": "Da Nang",
    "country": "Vietnam",
    "region": "Asia",
    "image": null,
    "rent1BR": 500,
    "rent2BR": 750,
    "costOne": 1150,
    "costTwo": 1750
  },
  {
    "id": "ho-chi-minh-vn",
    "city": "Ho Chi Minh City",
    "country": "Vietnam",
    "region": "Asia",
    "image": null,
    "rent1BR": 600,
    "rent2BR": 900,
    "costOne": 1300,
    "costTwo": 2000
  },
  {
    "id": "bali-id",
    "city": "Bali",
    "country": "Indonesia",
    "region": "Asia",
    "image": null,
    "rent1BR": 700,
    "rent2BR": 1000,
    "costOne": 1400,
    "costTwo": 2100
  },
  {
    "id": "jakarta-id",
    "city": "Jakarta",
    "country": "Indonesia",
    "region": "Asia",
    "image": null,
    "rent1BR": 500,
    "rent2BR": 800,
    "costOne": 1200,
    "costTwo": 1800
  },
  {
    "id": "yogyakarta-id",
    "city": "Yogyakarta",
    "country": "Indonesia",
    "region": "Asia",
    "image": null,
    "rent1BR": 250,
    "rent2BR": 420,
    "costOne": 850,
    "costTwo": 1400
  },
  {
    "id": "taipei-tw",
    "city": "Taipei",
    "country": "Taiwan",
    "region": "Asia",
    "image": null,
    "rent1BR": 900,
    "rent2BR": 1400,
    "costOne": 1700,
    "costTwo": 2700
  },
  {
    "id": "manila-ph",
    "city": "Manila",
    "country": "Philippines",
    "region": "Asia",
    "image": null,
    "rent1BR": 600,
    "rent2BR": 900,
    "costOne": 1200,
    "costTwo": 1900
  },
  {
    "id": "cebu-ph",
    "city": "Cebu",
    "country": "Philippines",
    "region": "Asia",
    "image": null,
    "rent1BR": 500,
    "rent2BR": 800,
    "costOne": 1100,
    "costTwo": 1700
  },
  {
    "id": "sydney-au",
    "city": "Sydney",
    "country": "Australia",
    "region": "Oceania",
    "image": null,
    "rent1BR": 2300,
    "rent2BR": 3200,
    "costOne": 3200,
    "costTwo": 5100
  },
  {
    "id": "melbourne-au",
    "city": "Melbourne",
    "country": "Australia",
    "region": "Oceania",
    "image": null,
    "rent1BR": 1900,
    "rent2BR": 2600,
    "costOne": 2900,
    "costTwo": 4600
  },
  {
    "id": "brisbane-au",
    "city": "Brisbane",
    "country": "Australia",
    "region": "Oceania",
    "image": null,
    "rent1BR": 1700,
    "rent2BR": 2300,
    "costOne": 2600,
    "costTwo": 4200
  },
  {
    "id": "auckland-nz",
    "city": "Auckland",
    "country": "New Zealand",
    "region": "Oceania",
    "image": null,
    "rent1BR": 1800,
    "rent2BR": 2500,
    "costOne": 2800,
    "costTwo": 4500
  },
  {
    "id": "wellington-nz",
    "city": "Wellington",
    "country": "New Zealand",
    "region": "Oceania",
    "image": null,
    "rent1BR": 1600,
    "rent2BR": 2200,
    "costOne": 2500,
    "costTwo": 4000
  },
  {
    "id": "buenos-aires-ar",
    "city": "Buenos Aires",
    "country": "Argentina",
    "region": "South America",
    "image": null,
    "rent1BR": 450,
    "rent2BR": 650,
    "costOne": 1100,
    "costTwo": 1600
  },
  {
    "id": "santiago-cl",
    "city": "Santiago",
    "country": "Chile",
    "region": "South America",
    "image": null,
    "rent1BR": 800,
    "rent2BR": 1100,
    "costOne": 1700,
    "costTwo": 2400
  },
  {
    "id": "lima-pe",
    "city": "Lima",
    "country": "Peru",
    "region": "South America",
    "image": null,
    "rent1BR": 600,
    "rent2BR": 900,
    "costOne": 1400,
    "costTwo": 2100
  },
  {
    "id": "medellin-co",
    "city": "Medellín",
    "country": "Colombia",
    "region": "South America",
    "image": null,
    "rent1BR": 550,
    "rent2BR": 800,
    "costOne": 1200,
    "costTwo": 1800
  },
  {
    "id": "bogota-co",
    "city": "Bogotá",
    "country": "Colombia",
    "region": "South America",
    "image": null,
    "rent1BR": 600,
    "rent2BR": 900,
    "costOne": 1300,
    "costTwo": 2000
  },
  {
    "id": "quito-ec",
    "city": "Quito",
    "country": "Ecuador",
    "region": "South America",
    "image": null,
    "rent1BR": 500,
    "rent2BR": 750,
    "costOne": 1100,
    "costTwo": 1700
  },
  {
    "id": "montevideo-uy",
    "city": "Montevideo",
    "country": "Uruguay",
    "region": "South America",
    "image": null,
    "rent1BR": 800,
    "rent2BR": 1100,
    "costOne": 1600,
    "costTwo": 2300
  },
  {
    "id": "rio-br",
    "city": "Rio de Janeiro",
    "country": "Brazil",
    "region": "South America",
    "image": null,
    "rent1BR": 700,
    "rent2BR": 1000,
    "costOne": 1500,
    "costTwo": 2200
  },
  {
    "id": "sao-paulo-br",
    "city": "São Paulo",
    "country": "Brazil",
    "region": "South America",
    "image": null,
    "rent1BR": 800,
    "rent2BR": 1100,
    "costOne": 1600,
    "costTwo": 2300
  },
  {
    "id": "florianopolis-br",
    "city": "Florianópolis",
    "country": "Brazil",
    "region": "South America",
    "image": null,
    "rent1BR": 650,
    "rent2BR": 900,
    "costOne": 1400,
    "costTwo": 2000
  },
  {
    "id": "marrakesh-ma",
    "city": "Marrakesh",
    "country": "Morocco",
    "region": "Africa",
    "image": null,
    "rent1BR": 500,
    "rent2BR": 800,
    "costOne": 1200,
    "costTwo": 1800
  },
  {
    "id": "casablanca-ma",
    "city": "Casablanca",
    "country": "Morocco",
    "region": "Africa",
    "image": null,
    "rent1BR": 600,
    "rent2BR": 900,
    "costOne": 1300,
    "costTwo": 2000
  },
  {
    "id": "tunis-tn",
    "city": "Tunis",
    "country": "Tunisia",
    "region": "Africa",
    "image": null,
    "rent1BR": 450,
    "rent2BR": 700,
    "costOne": 1100,
    "costTwo": 1700
  },
  {
    "id": "ankara-tr",
    "city": "Ankara",
    "country": "Türkiye",
    "region": "Europe/Asia",
    "image": null,
    "rent1BR": 600,
    "rent2BR": 900,
    "costOne": 1400,
    "costTwo": 2100
  },
  {
    "id": "tbilisi-ge",
    "city": "Tbilisi",
    "country": "Georgia",
    "region": "Europe",
    "image": null,
    "rent1BR": 550,
    "rent2BR": 850,
    "costOne": 1450,
    "costTwo": 2300
  },
  {
    "id": "yerevan-am",
    "city": "Yerevan",
    "country": "Armenia",
    "region": "Asia",
    "image": null,
    "rent1BR": 450,
    "rent2BR": 700,
    "costOne": 1100,
    "costTwo": 1700
  },
  {
    "id": "almaty-kz",
    "city": "Almaty",
    "country": "Kazakhstan",
    "region": "Asia",
    "image": null,
    "rent1BR": 500,
    "rent2BR": 800,
    "costOne": 1200,
    "costTwo": 1800
  },
  {
    "id": "baku-az",
    "city": "Baku",
    "country": "Azerbaijan",
    "region": "Asia",
    "image": null,
    "rent1BR": 600,
    "rent2BR": 900,
    "costOne": 1300,
    "costTwo": 2000
  },
  {
    "id": "delhi-in",
    "city": "Delhi",
    "country": "India",
    "region": "Asia",
    "image": null,
    "rent1BR": 500,
    "rent2BR": 800,
    "costOne": 1200,
    "costTwo": 1800
  },
  {
    "id": "mumbai-in",
    "city": "Mumbai",
    "country": "India",
    "region": "Asia",
    "image": null,
    "rent1BR": 800,
    "rent2BR": 1200,
    "costOne": 1600,
    "costTwo": 2400
  },
  {
    "id": "bangalore-in",
    "city": "Bengaluru",
    "country": "India",
    "region": "Asia",
    "image": null,
    "rent1BR": 500,
    "rent2BR": 800,
    "costOne": 1200,
    "costTwo": 1800
  },
  {
    "id": "goa-in",
    "city": "Goa",
    "country": "India",
    "region": "Asia",
    "image": null,
    "rent1BR": 450,
    "rent2BR": 700,
    "costOne": 1100,
    "costTwo": 1700
  },
  {
    "id": "jaipur-in",
    "city": "Jaipur",
    "country": "India",
    "region": "Asia",
    "image": null,
    "rent1BR": 180,
    "rent2BR": 320,
    "costOne": 750,
    "costTwo": 1250
  },
  {
    "id": "sri-lanka-colombo",
    "city": "Colombo",
    "country": "Sri Lanka",
    "region": "Asia",
    "image": null,
    "rent1BR": 450,
    "rent2BR": 700,
    "costOne": 1100,
    "costTwo": 1700
  },
  {
    "id": "beijing-cn",
    "city": "Beijing",
    "country": "China",
    "region": "Asia",
    "image": null,
    "rent1BR": 900,
    "rent2BR": 1400,
    "costOne": 1800,
    "costTwo": 2800
  },
  {
    "id": "shanghai-cn",
    "city": "Shanghai",
    "country": "China",
    "region": "Asia",
    "image": null,
    "rent1BR": 1200,
    "rent2BR": 1700,
    "costOne": 2100,
    "costTwo": 3200
  },
  {
    "id": "shenzhen-cn",
    "city": "Shenzhen",
    "country": "China",
    "region": "Asia",
    "image": null,
    "rent1BR": 1100,
    "rent2BR": 1600,
    "costOne": 2000,
    "costTwo": 3100
  },
  {
    "id": "tehran-ir",
    "city": "Tehran",
    "country": "Iran",
    "region": "Middle East",
    "image": null,
    "rent1BR": 250,
    "rent2BR": 450,
    "costOne": 850,
    "costTwo": 1400
  },
  {
    "id": "izmir-tr",
    "city": "Izmir",
    "country": "Türkiye",
    "region": "Europe/Asia",
    "image": null,
    "rent1BR": 600,
    "rent2BR": 900,
    "costOne": 1300,
    "costTwo": 2000
  },
  {
    "id": "chania-gr",
    "city": "Chania",
    "country": "Greece",
    "region": "Europe",
    "image": null,
    "rent1BR": 700,
    "rent2BR": 1000,
    "costOne": 1500,
    "costTwo": 2200
  },
  {
    "id": "sofia-bg",
    "city": "Sofia",
    "country": "Bulgaria",
    "region": "Europe",
    "image": null,
    "rent1BR": 700,
    "rent2BR": 1000,
    "costOne": 1500,
    "costTwo": 2300
  },
  {
    "id": "bucharest-ro",
    "city": "Bucharest",
    "country": "Romania",
    "region": "Europe",
    "image": null,
    "rent1BR": 800,
    "rent2BR": 1100,
    "costOne": 1600,
    "costTwo": 2400
  },
  {
    "id": "belgrade-rs",
    "city": "Belgrade",
    "country": "Serbia",
    "region": "Europe",
    "image": null,
    "rent1BR": 650,
    "rent2BR": 950,
    "costOne": 1400,
    "costTwo": 2100
  },
  {
    "id": "zagreb-hr",
    "city": "Zagreb",
    "country": "Croatia",
    "region": "Europe",
    "image": null,
    "rent1BR": 900,
    "rent2BR": 1300,
    "costOne": 1700,
    "costTwo": 2600
  },
  {
    "id": "sarajevo-ba",
    "city": "Sarajevo",
    "country": "Bosnia and Herzegovina",
    "region": "Europe",
    "image": null,
    "rent1BR": 500,
    "rent2BR": 800,
    "costOne": 1200,
    "costTwo": 1800
  },
  {
    "id": "madeira-pt",
    "city": "Madeira",
    "country": "Portugal",
    "region": "Europe",
    "image": null,
    "rent1BR": 900,
    "rent2BR": 1300,
    "costOne": 1700,
    "costTwo": 2600
  },
  {
    "id": "canary-islands-es",
    "city": "Las Palmas (Gran Canaria)",
    "country": "Spain",
    "region": "Europe",
    "image": null,
    "rent1BR": 850,
    "rent2BR": 1200,
    "costOne": 1600,
    "costTwo": 2400
  },
  {
    "id": "reykjavik-is",
    "city": "Reykjavik",
    "country": "Iceland",
    "region": "Europe",
    "image": null,
    "rent1BR": 1900,
    "rent2BR": 2600,
    "costOne": 2800,
    "costTwo": 4500
  },
  {
    "id": "muscat-om",
    "city": "Muscat",
    "country": "Oman",
    "region": "Middle East",
    "image": null,
    "rent1BR": 1200,
    "rent2BR": 1700,
    "costOne": 2100,
    "costTwo": 3300
  },
  {
    "id": "antalya-tr",
    "city": "Antalya",
    "country": "Türkiye",
    "region": "Europe/Asia",
    "image": null,
    "rent1BR": 650,
    "rent2BR": 950,
    "costOne": 1400,
    "costTwo": 2100
  },
  {
    "id": "amman-jo",
    "city": "Amman",
    "country": "Jordan",
    "region": "Middle East",
    "image": null,
    "rent1BR": 900,
    "rent2BR": 1300,
    "costOne": 1800,
    "costTwo": 2700
  },
  {
    "id": "beirut-lb",
    "city": "Beirut",
    "country": "Lebanon",
    "region": "Middle East",
    "image": null,
    "rent1BR": 800,
    "rent2BR": 1200,
    "costOne": 1700,
    "costTwo": 2600
  },
  {
    "id": "algarve-pt",
    "city": "Faro (Algarve)",
    "country": "Portugal",
    "region": "Europe",
    "image": null,
    "rent1BR": 900,
    "rent2BR": 1300,
    "costOne": 1700,
    "costTwo": 2600
  },
  {
    "id": "valletta-mt",
    "city": "Valletta",
    "country": "Malta",
    "region": "Europe",
    "image": null,
    "rent1BR": 1400,
    "rent2BR": 2000,
    "costOne": 2300,
    "costTwo": 3600
  },
  {
    "id": "sousse-tn",
    "city": "Sousse",
    "country": "Tunisia",
    "region": "Africa",
    "image": null,
    "rent1BR": 200,
    "rent2BR": 350,
    "costOne": 800,
    "costTwo": 1300
  },
  {
    "id": "fes-ma",
    "city": "Fes",
    "country": "Morocco",
    "region": "Africa",
    "image": null,
    "rent1BR": 450,
    "rent2BR": 700,
    "costOne": 1100,
    "costTwo": 1700
  },
  {
    "id": "yangon-mm",
    "city": "Yangon",
    "country": "Myanmar",
    "region": "Asia",
    "image": null,
    "rent1BR": 400,
    "rent2BR": 650,
    "costOne": 1000,
    "costTwo": 1600
  },
  {
    "id": "taichung-tw",
    "city": "Taichung",
    "country": "Taiwan",
    "region": "Asia",
    "image": null,
    "rent1BR": 700,
    "rent2BR": 1000,
    "costOne": 1500,
    "costTwo": 2300
  },
  {
    "id": "bergen-no",
    "city": "Bergen",
    "country": "Norway",
    "region": "Europe",
    "image": null,
    "rent1BR": 1800,
    "rent2BR": 2400,
    "costOne": 2700,
    "costTwo": 4300
  },
  {
    "id": "malaga-es",
    "city": "Malaga",
    "country": "Spain",
    "region": "Europe",
    "image": null,
    "rent1BR": 950,
    "rent2BR": 1300,
    "costOne": 1700,
    "costTwo": 2600
  },
   {
    "id": "boston-us",
    "city": "Boston",
    "country": "USA",
    "region": "North America",
    "image": null,
    "rent1BR": 2600,
    "rent2BR": 3400,
    "costOne": 4800,
    "costTwo": 7900
  },
  {
    "id": "philadelphia-us",
    "city": "Philadelphia",
    "country": "USA",
    "region": "North America",
    "image": null,
    "rent1BR": 2100,
    "rent2BR": 2800,
    "costOne": 3100,
    "costTwo": 5000
  },
  {
    "id": "washington-dc-us",
    "city": "Washington, DC",
    "country": "USA",
    "region": "North America",
    "image": null,
    "rent1BR": 2600,
    "rent2BR": 3400,
    "costOne": 4800,
    "costTwo": 6900
  },
  {
    "id": "san-diego-us",
    "city": "San Diego",
    "country": "USA",
    "region": "North America",
    "image": null,
    "rent1BR": 2600,
    "rent2BR": 3400,
    "costOne": 3600,
    "costTwo": 5600
  },
  {
    "id": "san-jose-us",
    "city": "San Jose",
    "country": "USA",
    "region": "North America",
    "image": null,
    "rent1BR": 3100,
    "rent2BR": 4100,
    "costOne": 4500,
    "costTwo": 7900
  },
  {
    "id": "sacramento-us",
    "city": "Sacramento",
    "country": "USA",
    "region": "North America",
    "image": null,
    "rent1BR": 1900,
    "rent2BR": 2500,
    "costOne": 2800,
    "costTwo": 4500
  },
  {
    "id": "houston-us",
    "city": "Houston",
    "country": "USA",
    "region": "North America",
    "image": null,
    "rent1BR": 1700,
    "rent2BR": 2300,
    "costOne": 2600,
    "costTwo": 4300
  },
  {
    "id": "dallas-us",
    "city": "Dallas",
    "country": "USA",
    "region": "North America",
    "image": null,
    "rent1BR": 1800,
    "rent2BR": 2400,
    "costOne": 2700,
    "costTwo": 4400
  },
  {
    "id": "san-antonio-us",
    "city": "San Antonio",
    "country": "USA",
    "region": "North America",
    "image": null,
    "rent1BR": 1500,
    "rent2BR": 2100,
    "costOne": 2400,
    "costTwo": 3900
  },
  {
    "id": "atlanta-us",
    "city": "Atlanta",
    "country": "USA",
    "region": "North America",
    "image": null,
    "rent1BR": 1900,
    "rent2BR": 2600,
    "costOne": 2900,
    "costTwo": 4700
  },
  {
    "id": "charlotte-us",
    "city": "Charlotte",
    "country": "USA",
    "region": "North America",
    "image": null,
    "rent1BR": 1700,
    "rent2BR": 2300,
    "costOne": 2600,
    "costTwo": 4300
  },
  {
    "id": "raleigh-us",
    "city": "Raleigh",
    "country": "USA",
    "region": "North America",
    "image": null,
    "rent1BR": 1700,
    "rent2BR": 2300,
    "costOne": 2600,
    "costTwo": 4300
  },
  {
    "id": "nashville-us",
    "city": "Nashville",
    "country": "USA",
    "region": "North America",
    "image": null,
    "rent1BR": 1900,
    "rent2BR": 2500,
    "costOne": 2800,
    "costTwo": 4500
  },
  {
    "id": "new-orleans-us",
    "city": "New Orleans",
    "country": "USA",
    "region": "North America",
    "image": null,
    "rent1BR": 1600,
    "rent2BR": 2200,
    "costOne": 2500,
    "costTwo": 4000
  },
  {
    "id": "orlando-us",
    "city": "Orlando",
    "country": "USA",
    "region": "North America",
    "image": null,
    "rent1BR": 1700,
    "rent2BR": 2300,
    "costOne": 2600,
    "costTwo": 4200
  },
  {
    "id": "tampa-us",
    "city": "Tampa",
    "country": "USA",
    "region": "North America",
    "image": null,
    "rent1BR": 1700,
    "rent2BR": 2300,
    "costOne": 2600,
    "costTwo": 4200
  },
  {
    "id": "pittsburgh-us",
    "city": "Pittsburgh",
    "country": "USA",
    "region": "North America",
    "image": null,
    "rent1BR": 1500,
    "rent2BR": 2100,
    "costOne": 2300,
    "costTwo": 3800
  },
  {
    "id": "detroit-us",
    "city": "Detroit",
    "country": "USA",
    "region": "North America",
    "image": null,
    "rent1BR": 1400,
    "rent2BR": 2000,
    "costOne": 2200,
    "costTwo": 3600
  },
  {
    "id": "minneapolis-us",
    "city": "Minneapolis",
    "country": "USA",
    "region": "North America",
    "image": null,
    "rent1BR": 1800,
    "rent2BR": 2400,
    "costOne": 2700,
    "costTwo": 4400
  },
  {
    "id": "st-louis-us",
    "city": "St. Louis",
    "country": "USA",
    "region": "North America",
    "image": null,
    "rent1BR": 1400,
    "rent2BR": 2000,
    "costOne": 2200,
    "costTwo": 3600
  },
  {
    "id": "kansas-city-us",
    "city": "Kansas City",
    "country": "USA",
    "region": "North America",
    "image": null,
    "rent1BR": 1400,
    "rent2BR": 2000,
    "costOne": 2200,
    "costTwo": 3600
  },
  {
    "id": "salt-lake-city-us",
    "city": "Salt Lake City",
    "country": "USA",
    "region": "North America",
    "image": null,
    "rent1BR": 1700,
    "rent2BR": 2300,
    "costOne": 2600,
    "costTwo": 4200
  },
  {
    "id": "milwaukee-us",
    "city": "Milwaukee",
    "country": "USA",
    "region": "North America",
    "image": null,
    "rent1BR": 1400,
    "rent2BR": 2000,
    "costOne": 2200,
    "costTwo": 3600
  },
  {
    "id": "columbus-us",
    "city": "Columbus",
    "country": "USA",
    "region": "North America",
    "image": null,
    "rent1BR": 1500,
    "rent2BR": 2100,
    "costOne": 2300,
    "costTwo": 3800
  },
  {
    "id": "cincinnati-us",
    "city": "Cincinnati",
    "country": "USA",
    "region": "North America",
    "image": null,
    "rent1BR": 1400,
    "rent2BR": 2000,
    "costOne": 2200,
    "costTwo": 3600
  },
  {
    "id": "honolulu-us",
    "city": "Honolulu",
    "country": "USA",
    "region": "North America",
    "image": null,
    "rent1BR": 2400,
    "rent2BR": 3200,
    "costOne": 3400,
    "costTwo": 5400
  },
  {
    "id": "portland-me-us",
    "city": "Portland (Maine)",
    "country": "USA",
    "region": "North America",
    "image": null,
    "rent1BR": 1700,
    "rent2BR": 2300,
    "costOne": 2600,
    "costTwo": 4200
  },
  {
    "id": "san-juan-pr",
    "city": "San Juan",
    "country": "Puerto Rico",
    "region": "North America",
    "image": null,
    "rent1BR": 1600,
    "rent2BR": 2200,
    "costOne": 2400,
    "costTwo": 3900
  },
  {
    "id": "calgary-ca",
    "city": "Calgary",
    "country": "Canada",
    "region": "North America",
    "image": null,
    "rent1BR": 1900,
    "rent2BR": 2500,
    "costOne": 2800,
    "costTwo": 4500
  },
  {
    "id": "ottawa-ca",
    "city": "Ottawa",
    "country": "Canada",
    "region": "North America",
    "image": null,
    "rent1BR": 1800,
    "rent2BR": 2400,
    "costOne": 2600,
    "costTwo": 4200
  },
  {
    "id": "winnipeg-ca",
    "city": "Winnipeg",
    "country": "Canada",
    "region": "North America",
    "image": null,
    "rent1BR": 1500,
    "rent2BR": 2100,
    "costOne": 2300,
    "costTwo": 3800
  },
  {
    "id": "monterrey-mx",
    "city": "Monterrey",
    "country": "Mexico",
    "region": "North America",
    "image": null,
    "rent1BR": 900,
    "rent2BR": 1300,
    "costOne": 1800,
    "costTwo": 2600
  },
  {
    "id": "puebla-mx",
    "city": "Puebla",
    "country": "Mexico",
    "region": "North America",
    "image": null,
    "rent1BR": 700,
    "rent2BR": 1000,
    "costOne": 1500,
    "costTwo": 2200
  },
  {
    "id": "playa-del-carmen-mx",
    "city": "Playa del Carmen",
    "country": "Mexico",
    "region": "North America",
    "image": null,
    "rent1BR": 900,
    "rent2BR": 1300,
    "costOne": 1700,
    "costTwo": 2500
  },
  {
    "id": "san-miguel-allende-mx",
    "city": "San Miguel de Allende",
    "country": "Mexico",
    "region": "North America",
    "image": null,
    "rent1BR": 800,
    "rent2BR": 1200,
    "costOne": 1600,
    "costTwo": 2400
  },
  {
    "id": "granada-es",
    "city": "Granada",
    "country": "Spain",
    "region": "Europe",
    "image": null,
    "rent1BR": 800,
    "rent2BR": 1100,
    "costOne": 1600,
    "costTwo": 2400
  },
  {
    "id": "alicante-es",
    "city": "Alicante",
    "country": "Spain",
    "region": "Europe",
    "image": null,
    "rent1BR": 850,
    "rent2BR": 1150,
    "costOne": 1650,
    "costTwo": 2450
  },
  {
    "id": "bilbao-es",
    "city": "Bilbao",
    "country": "Spain",
    "region": "Europe",
    "image": null,
    "rent1BR": 1000,
    "rent2BR": 1400,
    "costOne": 1900,
    "costTwo": 2900
  },
  {
    "id": "coimbra-pt",
    "city": "Coimbra",
    "country": "Portugal",
    "region": "Europe",
    "image": null,
    "rent1BR": 700,
    "rent2BR": 1000,
    "costOne": 1500,
    "costTwo": 2200
  },
  {
    "id": "braga-pt",
    "city": "Braga",
    "country": "Portugal",
    "region": "Europe",
    "image": null,
    "rent1BR": 750,
    "rent2BR": 1050,
    "costOne": 1550,
    "costTwo": 2300
  },
  {
    "id": "bologna-it",
    "city": "Bologna",
    "country": "Italy",
    "region": "Europe",
    "image": null,
    "rent1BR": 1100,
    "rent2BR": 1600,
    "costOne": 1900,
    "costTwo": 3000
  },
  {
    "id": "turin-it",
    "city": "Turin",
    "country": "Italy",
    "region": "Europe",
    "image": null,
    "rent1BR": 1000,
    "rent2BR": 1500,
    "costOne": 1800,
    "costTwo": 2900
  },
  {
    "id": "naples-it",
    "city": "Naples",
    "country": "Italy",
    "region": "Europe",
    "image": null,
    "rent1BR": 900,
    "rent2BR": 1300,
    "costOne": 1700,
    "costTwo": 2600
  },
  {
    "id": "palermo-it",
    "city": "Palermo",
    "country": "Italy",
    "region": "Europe",
    "image": null,
    "rent1BR": 800,
    "rent2BR": 1150,
    "costOne": 1600,
    "costTwo": 2400
  },
  {
    "id": "nice-fr",
    "city": "Nice",
    "country": "France",
    "region": "Europe",
    "image": null,
    "rent1BR": 1500,
    "rent2BR": 2100,
    "costOne": 2300,
    "costTwo": 3600
  },
  {
    "id": "bordeaux-fr",
    "city": "Bordeaux",
    "country": "France",
    "region": "Europe",
    "image": null,
    "rent1BR": 1300,
    "rent2BR": 1800,
    "costOne": 2100,
    "costTwo": 3300
  },
  {
    "id": "toulouse-fr",
    "city": "Toulouse",
    "country": "France",
    "region": "Europe",
    "image": null,
    "rent1BR": 1200,
    "rent2BR": 1700,
    "costOne": 2000,
    "costTwo": 3200
  },
  {
    "id": "antwerp-be",
    "city": "Antwerp",
    "country": "Belgium",
    "region": "Europe",
    "image": null,
    "rent1BR": 1300,
    "rent2BR": 1800,
    "costOne": 2100,
    "costTwo": 3300
  },
  {
    "id": "ghent-be",
    "city": "Ghent",
    "country": "Belgium",
    "region": "Europe",
    "image": null,
    "rent1BR": 1200,
    "rent2BR": 1700,
    "costOne": 2000,
    "costTwo": 3200
  },
  {
    "id": "lausanne-ch",
    "city": "Lausanne",
    "country": "Switzerland",
    "region": "Europe",
    "image": null,
    "rent1BR": 2400,
    "rent2BR": 3200,
    "costOne": 3600,
    "costTwo": 5800
  },
  {
    "id": "basel-ch",
    "city": "Basel",
    "country": "Switzerland",
    "region": "Europe",
    "image": null,
    "rent1BR": 2400,
    "rent2BR": 3200,
    "costOne": 3600,
    "costTwo": 5800
  },
  {
    "id": "vienna-at",
    "city": "Vienna",
    "country": "Austria",
    "region": "Europe",
    "image": null,
    "rent1BR": 1500,
    "rent2BR": 2100,
    "costOne": 2300,
    "costTwo": 3600
  },
  {
    "id": "salzburg-at",
    "city": "Salzburg",
    "country": "Austria",
    "region": "Europe",
    "image": null,
    "rent1BR": 1300,
    "rent2BR": 1800,
    "costOne": 2100,
    "costTwo": 3300
  },
  {
    "id": "ljubljana-si",
    "city": "Ljubljana",
    "country": "Slovenia",
    "region": "Europe",
    "image": null,
    "rent1BR": 950,
    "rent2BR": 1300,
    "costOne": 1700,
    "costTwo": 2600
  },
  {
    "id": "gdansk-pl",
    "city": "Gdansk",
    "country": "Poland",
    "region": "Europe",
    "image": null,
    "rent1BR": 800,
    "rent2BR": 1100,
    "costOne": 1500,
    "costTwo": 2300
  },
  {
    "id": "wroclaw-pl",
    "city": "Wroclaw",
    "country": "Poland",
    "region": "Europe",
    "image": null,
    "rent1BR": 800,
    "rent2BR": 1100,
    "costOne": 1500,
    "costTwo": 2300
  },
  {
    "id": "cluj-napoca-ro",
    "city": "Cluj-Napoca",
    "country": "Romania",
    "region": "Europe",
    "image": null,
    "rent1BR": 700,
    "rent2BR": 1000,
    "costOne": 1500,
    "costTwo": 2200
  },
  {
    "id": "aarhus-dk",
    "city": "Aarhus",
    "country": "Denmark",
    "region": "Europe",
    "image": null,
    "rent1BR": 1800,
    "rent2BR": 2400,
    "costOne": 2700,
    "costTwo": 4300
  },
  {
    "id": "trondheim-no",
    "city": "Trondheim",
    "country": "Norway",
    "region": "Europe",
    "image": null,
    "rent1BR": 1800,
    "rent2BR": 2400,
    "costOne": 2700,
    "costTwo": 4300
  },
  {
    "id": "guangzhou-cn",
    "city": "Guangzhou",
    "country": "China",
    "region": "Asia",
    "image": null,
    "rent1BR": 900,
    "rent2BR": 1300,
    "costOne": 1800,
    "costTwo": 2700
  },
  {
    "id": "chengdu-cn",
    "city": "Chengdu",
    "country": "China",
    "region": "Asia",
    "image": null,
    "rent1BR": 800,
    "rent2BR": 1150,
    "costOne": 1700,
    "costTwo": 2500
  },
  {
    "id": "xian-cn",
    "city": "Xi'an",
    "country": "China",
    "region": "Asia",
    "image": null,
    "rent1BR": 750,
    "rent2BR": 1100,
    "costOne": 1650,
    "costTwo": 2400
  },
  {
    "id": "kunming-cn",
    "city": "Kunming",
    "country": "China",
    "region": "Asia",
    "image": null,
    "rent1BR": 700,
    "rent2BR": 1000,
    "costOne": 1550,
    "costTwo": 2300
  },
  {
    "id": "sanya-cn",
    "city": "Sanya",
    "country": "China",
    "region": "Asia",
    "image": null,
    "rent1BR": 900,
    "rent2BR": 1400,
    "costOne": 1900,
    "costTwo": 2800
  },
  {
    "id": "guiyang-cn",
    "city": "Guiyang",
    "country": "China",
    "region": "Asia",
    "image": null,
    "rent1BR": 650,
    "rent2BR": 950,
    "costOne": 1450,
    "costTwo": 2200
  },
  {
    "id": "nanjing-cn",
    "city": "Nanjing",
    "country": "China",
    "region": "Asia",
    "image": null,
    "rent1BR": 850,
    "rent2BR": 1200,
    "costOne": 1750,
    "costTwo": 2600
  },
  {
    "id": "wuhan-cn",
    "city": "Wuhan",
    "country": "China",
    "region": "Asia",
    "image": null,
    "rent1BR": 800,
    "rent2BR": 1150,
    "costOne": 1700,
    "costTwo": 2500
  },
  {
    "id": "chiang-rai-th",
    "city": "Chiang Rai",
    "country": "Thailand",
    "region": "Asia",
    "image": null,
    "rent1BR": 350,
    "rent2BR": 600,
    "costOne": 1000,
    "costTwo": 1600
  },
  {
    "id": "koh-samui-th",
    "city": "Koh Samui",
    "country": "Thailand",
    "region": "Asia",
    "image": null,
    "rent1BR": 750,
    "rent2BR": 1100,
    "costOne": 1500,
    "costTwo": 2200
  },
  {
    "id": "hoi-an-vn",
    "city": "Hoi An",
    "country": "Vietnam",
    "region": "Asia",
    "image": null,
    "rent1BR": 450,
    "rent2BR": 700,
    "costOne": 1100,
    "costTwo": 1700
  },
  {
    "id": "nha-trang-vn",
    "city": "Nha Trang",
    "country": "Vietnam",
    "region": "Asia",
    "image": null,
    "rent1BR": 500,
    "rent2BR": 750,
    "costOne": 1150,
    "costTwo": 1750
  },
  {
    "id": "phnom-penh-kh",
    "city": "Phnom Penh",
    "country": "Cambodia",
    "region": "Asia",
    "image": null,
    "rent1BR": 500,
    "rent2BR": 800,
    "costOne": 1100,
    "costTwo": 1700
  },
  {
    "id": "siem-reap-kh",
    "city": "Siem Reap",
    "country": "Cambodia",
    "region": "Asia",
    "image": null,
    "rent1BR": 450,
    "rent2BR": 700,
    "costOne": 1000,
    "costTwo": 1600
  },
  {
    "id": "vientiane-la",
    "city": "Vientiane",
    "country": "Laos",
    "region": "Asia",
    "image": null,
    "rent1BR": 400,
    "rent2BR": 650,
    "costOne": 1000,
    "costTwo": 1600
  },
  {
    "id": "luang-prabang-la",
    "city": "Luang Prabang",
    "country": "Laos",
    "region": "Asia",
    "image": null,
    "rent1BR": 300,
    "rent2BR": 480,
    "costOne": 950,
    "costTwo": 1500
  },
  {
    "id": "kathmandu-np",
    "city": "Kathmandu",
    "country": "Nepal",
    "region": "Asia",
    "image": null,
    "rent1BR": 350,
    "rent2BR": 500,
    "costOne": 1000,
    "costTwo": 1650
  },
  {
    "id": "pokhara-np",
    "city": "Pokhara",
    "country": "Nepal",
    "region": "Asia",
    "image": null,
    "rent1BR": 200,
    "rent2BR": 320,
    "costOne": 650,
    "costTwo": 1050
  },
  {
    "id": "tashkent-uz",
    "city": "Tashkent",
    "country": "Uzbekistan",
    "region": "Asia",
    "image": null,
    "rent1BR": 500,
    "rent2BR": 800,
    "costOne": 1100,
    "costTwo": 1700
  },
  {
    "id": "bishkek-kg",
    "city": "Bishkek",
    "country": "Kyrgyzstan",
    "region": "Asia",
    "image": null,
    "rent1BR": 400,
    "rent2BR": 650,
    "costOne": 950,
    "costTwo": 1500
  },
  {
    "id": "ulaanbaatar-mn",
    "city": "Ulaanbaatar",
    "country": "Mongolia",
    "region": "Asia",
    "image": null,
    "rent1BR": 500,
    "rent2BR": 800,
    "costOne": 1100,
    "costTwo": 1700
  },
  {
    "id": "riyadh-sa",
    "city": "Riyadh",
    "country": "Saudi Arabia",
    "region": "Middle East",
    "image": null,
    "rent1BR": 1500,
    "rent2BR": 2100,
    "costOne": 2300,
    "costTwo": 3700
  },
  {
    "id": "jeddah-sa",
    "city": "Jeddah",
    "country": "Saudi Arabia",
    "region": "Middle East",
    "image": null,
    "rent1BR": 1500,
    "rent2BR": 2100,
    "costOne": 2300,
    "costTwo": 3700
  },
  {
    "id": "kuwait-city-kw",
    "city": "Kuwait City",
    "country": "Kuwait",
    "region": "Middle East",
    "image": null,
    "rent1BR": 1600,
    "rent2BR": 2200,
    "costOne": 2500,
    "costTwo": 3900
  },
  {
    "id": "manama-bh",
    "city": "Manama",
    "country": "Bahrain",
    "region": "Middle East",
    "image": null,
    "rent1BR": 1500,
    "rent2BR": 2100,
    "costOne": 2400,
    "costTwo": 3800
  },
  {
    "id": "kigali-rw",
    "city": "Kigali",
    "country": "Rwanda",
    "region": "Africa",
    "image": null,
    "rent1BR": 600,
    "rent2BR": 900,
    "costOne": 1300,
    "costTwo": 2000
  },
  {
    "id": "dar-es-salaam-tz",
    "city": "Dar es Salaam",
    "country": "Tanzania",
    "region": "Africa",
    "image": null,
    "rent1BR": 550,
    "rent2BR": 850,
    "costOne": 1200,
    "costTwo": 1900
  },
  {
    "id": "zanzibar-tz",
    "city": "Zanzibar (Stone Town)",
    "country": "Tanzania",
    "region": "Africa",
    "image": null,
    "rent1BR": 550,
    "rent2BR": 850,
    "costOne": 1200,
    "costTwo": 1900
  },
  {
    "id": "windhoek-na",
    "city": "Windhoek",
    "country": "Namibia",
    "region": "Africa",
    "image": null,
    "rent1BR": 600,
    "rent2BR": 900,
    "costOne": 1300,
    "costTwo": 2000
  },
  {
    "id": "gaborone-bw",
    "city": "Gaborone",
    "country": "Botswana",
    "region": "Africa",
    "image": null,
    "rent1BR": 600,
    "rent2BR": 900,
    "costOne": 1300,
    "costTwo": 2000
  },
  {
    "id": "cartagena-co",
    "city": "Cartagena",
    "country": "Colombia",
    "region": "South America",
    "image": null,
    "rent1BR": 600,
    "rent2BR": 900,
    "costOne": 1300,
    "costTwo": 1900
  },
  {
    "id": "cali-co",
    "city": "Cali",
    "country": "Colombia",
    "region": "South America",
    "image": null,
    "rent1BR": 550,
    "rent2BR": 850,
    "costOne": 1200,
    "costTwo": 1800
  },
  {
    "id": "cusco-pe",
    "city": "Cusco",
    "country": "Peru",
    "region": "South America",
    "image": null,
    "rent1BR": 500,
    "rent2BR": 800,
    "costOne": 1200,
    "costTwo": 1800
  },
  {
    "id": "arequipa-pe",
    "city": "Arequipa",
    "country": "Peru",
    "region": "South America",
    "image": null,
    "rent1BR": 500,
    "rent2BR": 800,
    "costOne": 1150,
    "costTwo": 1750
  },
  {
    "id": "la-paz-bo",
    "city": "La Paz",
    "country": "Bolivia",
    "region": "South America",
    "image": null,
    "rent1BR": 450,
    "rent2BR": 750,
    "costOne": 1100,
    "costTwo": 1700
  },
  {
    "id": "santa-cruz-bo",
    "city": "Santa Cruz de la Sierra",
    "country": "Bolivia",
    "region": "South America",
    "image": null,
    "rent1BR": 500,
    "rent2BR": 800,
    "costOne": 1150,
    "costTwo": 1750
  },
  {
    "id": "asuncion-py",
    "city": "Asunción",
    "country": "Paraguay",
    "region": "South America",
    "image": null,
    "rent1BR": 500,
    "rent2BR": 800,
    "costOne": 1150,
    "costTwo": 1750
  },
  {
    "id": "belo-horizonte-br",
    "city": "Belo Horizonte",
    "country": "Brazil",
    "region": "South America",
    "image": null,
    "rent1BR": 650,
    "rent2BR": 950,
    "costOne": 1400,
    "costTwo": 2100
  },
  {
    "id": "curitiba-br",
    "city": "Curitiba",
    "country": "Brazil",
    "region": "South America",
    "image": null,
    "rent1BR": 650,
    "rent2BR": 950,
    "costOne": 1400,
    "costTwo": 2100
  },
  {
    "id": "recife-br",
    "city": "Recife",
    "country": "Brazil",
    "region": "South America",
    "image": null,
    "rent1BR": 600,
    "rent2BR": 900,
    "costOne": 1300,
    "costTwo": 2000
  },
  {
    "id": "fortaleza-br",
    "city": "Fortaleza",
    "country": "Brazil",
    "region": "South America",
    "image": null,
    "rent1BR": 600,
    "rent2BR": 900,
    "costOne": 1300,
    "costTwo": 2000
  }
]
